fecha,modo,mapa,resultado,brawler,trofeos_brawler
2026-05-26 00:18:35,brawlBall,Match 1123581321,victory,GALE,2624
2026-05-26 00:09:51,brawlBall,Match 1123581321,victory,GALE,2618
2026-05-26 00:01:30,brawlBall,Match 1123581321,victory,CLANCY,2795
2026-05-25 23:56:12,brawlBall,Match 1123581321,victory,CLANCY,2789
2026-05-25 23:50:16,brawlBall,Match 1123581321,defeat,CLANCY,2799
2026-05-25 23:46:38,brawlBall,Match 1123581321,victory,CLANCY,2793
2026-05-25 23:42:05,brawlBall,Match 1123581321,victory,CLANCY,2787
2026-05-25 23:38:23,brawlBall,Match 1123581321,victory,CLANCY,2781
2026-05-25 23:36:27,brawlBall,Match 1123581321,victory,CLANCY,2775
2026-05-25 23:29:21,brawlBall,Match 1123581321,victory,CLANCY,2769
2026-05-25 23:26:29,brawlBall,Match 1123581321,victory,CLANCY,2763
2026-05-25 23:23:24,brawlBall,Match 1123581321,victory,CLANCY,2757
2026-05-25 23:18:48,brawlBall,Match 1123581321,victory,CLANCY,2751
2026-05-25 23:16:08,brawlBall,Match 1123581321,victory,CLANCY,2745
2026-05-25 23:13:09,brawlBall,Match 1123581321,victory,CLANCY,2739
2026-05-25 23:06:15,brawlBall,Match 1123581321,victory,CLANCY,2733
2026-05-25 23:00:42,brawlBall,Match 1123581321,victory,CLANCY,2727
2026-05-25 22:56:40,brawlBall,Match 1123581321,defeat,ANGELO,2697
2026-05-25 22:55:02,brawlBall,Match 1123581321,victory,ANGELO,2691
2026-05-25 22:50:22,brawlBall,Match 1123581321,defeat,ANGELO,2701
2026-05-25 22:26:26,brawlBall,Match 1123581321,defeat,ANGELO,2711
2026-05-25 22:20:47,brawlBall,Match 1123581321,victory,ANGELO,2705
2026-05-25 22:17:32,brawlBall,Match 1123581321,defeat,ANGELO,2715
2026-05-25 22:13:39,brawlBall,Match 1123581321,victory,ANGELO,2709
2026-05-25 22:11:28,brawlBall,Match 1123581321,victory,ANGELO,2703
2026-05-26 08:52:44,brawlBall,Sunny Soccer,victory,RICO,2963
2026-05-26 08:49:30,brawlBall,Sunny Soccer,victory,RICO,2959
2026-05-26 08:45:42,brawlBall,Sunny Soccer,victory,RICO,2955
2026-05-26 08:42:31,brawlBall,Sunny Soccer,victory,RICO,2951
2026-05-26 08:40:15,brawlBall,Sunny Soccer,victory,SURGE,2796
2026-05-26 08:36:57,brawlBall,Sunny Soccer,victory,SURGE,2790
2026-05-26 08:33:09,brawlBall,Sunny Soccer,victory,SURGE,2784
2026-05-26 08:21:50,brawlBall,Sunny Soccer,victory,SURGE,2778
2026-05-26 08:14:57,brawlBall,Sunny Soccer,victory,SURGE,2772
2026-05-26 08:11:45,brawlBall,Sunny Soccer,victory,SURGE,2766
2026-05-26 08:08:21,brawlBall,Sunny Soccer,victory,SURGE,2760
2026-05-26 08:05:10,brawlBall,Sunny Soccer,victory,SURGE,2754
2026-05-26 08:01:23,brawlBall,Sunny Soccer,victory,EVE,2794
2026-05-26 07:56:50,brawlBall,Match 1123581321,victory,EVE,2788
2026-05-26 07:53:32,brawlBall,Match 1123581321,victory,EVE,2782
2026-05-26 07:50:58,brawlBall,Match 1123581321,victory,EVE,2776
2026-05-26 07:48:16,brawlBall,Match 1123581321,victory,EVE,2770
2026-05-26 07:46:47,brawlBall,Match 1123581321,victory,EVE,2764
2026-05-26 07:42:46,brawlBall,Match 1123581321,victory,EVE,2758
2026-05-26 07:37:52,brawlBall,Match 1123581321,victory,EVE,2752
2026-05-26 07:34:17,brawlBall,Match 1123581321,victory,EVE,2746
2026-05-26 07:31:36,brawlBall,Match 1123581321,victory,EVE,2740
2026-05-26 07:29:23,brawlBall,Match 1123581321,victory,EVE,2734
2026-05-26 07:25:28,brawlBall,Match 1123581321,victory,EVE,2728
2026-05-26 07:23:52,brawlBall,Match 1123581321,victory,EVE,2722
2026-05-25 18:35:01,brawlBall,Match 1123581321,victory,BEA,2396
2026-05-25 18:30:57,brawlBall,Match 1123581321,defeat,BEA,2406
2026-05-25 18:28:12,brawlBall,Match 1123581321,defeat,BEA,2416
2026-05-25 18:26:14,brawlBall,Match 1123581321,victory,BEA,2408
2026-05-25 18:25:13,brawlBall,Match 1123581321,victory,BEA,2400
2026-05-25 18:23:15,brawlBall,Match 1123581321,victory,BEA,2392
2026-05-25 18:20:39,brawlBall,Match 1123581321,victory,BEA,2384
2026-05-25 18:19:17,brawlBall,Match 1123581321,defeat,BEA,2394
2026-05-25 18:14:37,brawlBall,Match 1123581321,victory,BEA,2386
2026-05-25 18:12:00,brawlBall,Match 1123581321,victory,BEA,2378
2026-05-25 18:09:21,brawlBall,Match 1123581321,victory,BEA,2370
2026-05-25 18:06:55,brawlBall,Match 1123581321,victory,BEA,2362
2026-05-25 18:02:59,brawlBall,Match 1123581321,victory,BEA,2354
2026-05-25 17:33:21,brawlBall,Match 1123581321,victory,BEA,2346
2026-05-25 17:30:47,brawlBall,Match 1123581321,victory,BELLE,2178
2026-05-25 17:28:51,brawlBall,Match 1123581321,victory,BELLE,2170
2026-05-25 17:18:09,brawlBall,Match 1123581321,victory,TARA,2000
2026-05-25 16:32:30,brawlBall,Match 1123581321,victory,AMBER,2178
2026-05-25 16:29:58,brawlBall,Match 1123581321,defeat,AMBER,2188
2026-05-25 16:27:58,brawlBall,Match 1123581321,victory,AMBER,2180
2026-05-25 16:26:08,brawlBall,Match 1123581321,victory,AMBER,2172
2026-05-25 16:25:03,brawlBall,Match 1123581321,victory,AMBER,2164
2026-05-25 16:23:14,brawlBall,Match 1123581321,defeat,AMBER,2174
2026-05-25 16:22:13,brawlBall,Match 1123581321,victory,AMBER,2166
2026-05-25 16:19:32,brawlBall,Match 1123581321,victory,AMBER,2158
2026-05-26 03:50:50,brawlBall,Match 1123581321,victory,STU,2224
2026-05-26 03:47:56,brawlBall,Match 1123581321,victory,STU,2216
2026-05-26 03:43:48,brawlBall,Match 1123581321,victory,STU,2208
2026-05-26 03:40:40,brawlBall,Match 1123581321,victory,STU,2200
2026-05-26 03:38:43,brawlBall,Match 1123581321,victory,STU,2192
2026-05-26 03:36:49,brawlBall,Match 1123581321,victory,STU,2184
2026-05-26 03:34:30,brawlBall,Match 1123581321,victory,STU,2176
2026-05-26 03:32:19,brawlBall,Match 1123581321,victory,STU,2168
2026-05-26 03:30:18,brawlBall,Match 1123581321,defeat,STU,2178
2026-05-26 03:26:17,brawlBall,Match 1123581321,victory,STU,2170
2026-05-26 03:23:22,brawlBall,Match 1123581321,victory,STU,2162
2026-05-26 03:20:59,brawlBall,Match 1123581321,victory,STU,2154
2026-05-26 03:19:13,brawlBall,Match 1123581321,victory,STU,2146
2026-05-26 03:16:27,brawlBall,Match 1123581321,victory,STU,2138
2026-05-26 03:13:25,brawlBall,Match 1123581321,victory,STU,2130
2026-05-26 03:10:32,brawlBall,Match 1123581321,victory,STU,2122
2026-05-26 03:08:54,brawlBall,Match 1123581321,victory,STU,2114
2026-05-26 03:07:22,brawlBall,Match 1123581321,victory,STU,2106
2026-05-26 03:05:15,brawlBall,Match 1123581321,victory,STU,2098
2026-05-26 03:02:03,brawlBall,Match 1123581321,victory,STU,2090
2026-05-26 02:58:42,brawlBall,Match 1123581321,defeat,STU,2100
2026-05-26 02:56:39,brawlBall,Match 1123581321,victory,STU,2092
2026-05-26 02:54:36,brawlBall,Match 1123581321,victory,STU,2084
2026-05-26 02:51:59,brawlBall,Match 1123581321,victory,STU,2076
2026-05-26 02:49:03,brawlBall,Match 1123581321,victory,STU,2068
2026-05-26 07:19:40,brawlBall,Match 1123581321,victory,CHESTER,2669
2026-05-26 07:17:31,brawlBall,Match 1123581321,victory,CHESTER,2663
2026-05-26 07:15:00,brawlBall,Match 1123581321,victory,CHESTER,2657
2026-05-26 07:09:56,brawlBall,Match 1123581321,defeat,CHESTER,2667
2026-05-26 07:06:34,brawlBall,Match 1123581321,victory,CHESTER,2661
2026-05-26 07:04:28,brawlBall,Match 1123581321,defeat,CHESTER,2671
2026-05-26 07:00:17,brawlBall,Match 1123581321,victory,CHESTER,2665
2026-05-26 01:05:11,heist,Safe Zone,defeat,CHUCK,17
2026-05-26 01:03:09,heist,Safe Zone,defeat,CHUCK,17
2026-05-26 00:58:59,brawlBall,Triple Dribble,victory,MORTIS,17
2026-05-26 00:56:01,brawlBall,Triple Dribble,victory,MORTIS,17
2026-05-26 00:51:52,knockout,Flaring Phoenix,victory,MORTIS,17
2026-05-26 00:49:50,knockout,Flaring Phoenix,victory,MORTIS,17
2026-05-26 00:44:50,heist,Kaboom Canyon,victory,EDGAR,17
2026-05-26 00:43:08,heist,Kaboom Canyon,victory,EDGAR,17
2026-05-26 00:38:10,knockout,Flowing Springs,victory,ANGELO,17
2026-05-26 00:34:39,knockout,Flowing Springs,victory,ANGELO,17
2026-05-26 00:29:16,bounty,Layer Cake,defeat,EDGAR,17
2026-05-26 00:26:57,bounty,Layer Cake,defeat,EDGAR,17
2026-05-26 00:20:56,hotZone,Ring of Fire,victory,CROW,17
2026-05-26 00:18:52,hotZone,Ring of Fire,victory,CROW,17
2026-05-26 00:13:34,bounty,Shooting Star,defeat,MINA,17
2026-05-26 00:11:15,bounty,Shooting Star,defeat,MINA,17
2026-05-26 00:05:58,knockout,New Horizons,victory,MORTIS,17
2026-05-26 00:03:54,knockout,New Horizons,defeat,MORTIS,17
2026-05-26 00:01:12,knockout,New Horizons,victory,MORTIS,17
2026-05-25 23:55:45,knockout,Flowing Springs,victory,NAJIA,17
2026-05-25 23:54:32,knockout,Flowing Springs,victory,NAJIA,17
2026-05-25 23:48:07,bounty,Layer Cake,victory,EDGAR,17
2026-05-25 23:46:04,bounty,Layer Cake,victory,EDGAR,17
2026-05-25 21:43:55,bounty,Shooting Star,defeat,R-T,-1
2026-05-25 21:41:35,bounty,Shooting Star,defeat,R-T,-1
2026-05-25 21:39:16,bounty,Shooting Star,victory,R-T,-1
2026-05-25 21:31:54,brawlBall,Pinhole Punt,victory,MEG,-1
2026-05-25 21:28:50,brawlBall,Pinhole Punt,draw,MEG,-1
2026-05-25 21:25:01,brawlBall,Pinhole Punt,victory,MEG,-1
2026-05-25 21:16:59,hotZone,Ring of Fire,victory,FINX,-1
2026-05-25 21:14:40,hotZone,Ring of Fire,victory,FINX,-1
2026-05-25 20:47:17,hotZone,Ring of Fire,defeat,MEEPLE,-1
2026-05-25 20:45:23,hotZone,Ring of Fire,victory,MEEPLE,-1
2026-05-25 20:43:17,hotZone,Ring of Fire,defeat,MEEPLE,-1
2026-05-25 20:36:48,brawlBall,Pinball Dreams,victory,CHESTER,-1
2026-05-25 20:35:08,brawlBall,Pinball Dreams,victory,CHESTER,-1
2026-05-25 20:29:02,brawlBall,Pinball Dreams,victory,GRIFF,-1
2026-05-25 20:26:07,brawlBall,Pinball Dreams,defeat,GRIFF,-1
2026-05-25 20:25:10,brawlBall,Pinball Dreams,victory,GRIFF,-1
2026-05-25 20:05:13,heist,Kaboom Canyon,victory,BELLE,-1
2026-05-25 20:02:23,heist,Kaboom Canyon,victory,BELLE,-1
2026-05-25 19:59:34,heist,Kaboom Canyon,defeat,BELLE,-1
2026-05-25 19:19:34,knockout,New Horizons,victory,MEEPLE,-1
2026-05-25 19:17:17,knockout,New Horizons,victory,MEEPLE,-1
2026-05-25 19:10:01,hotZone,Open Business,defeat,PIERCE,-1
2026-05-25 19:07:24,hotZone,Open Business,defeat,PIERCE,-1
2026-05-25 19:05:17,hotZone,Open Business,victory,STU,-1
2026-05-25 19:02:40,hotZone,Open Business,defeat,PIERCE,-1
2026-05-25 22:00:19,bounty,Choral Chambers,defeat,JAE-YONG,2416
2026-05-25 21:58:05,bounty,Choral Chambers,victory,JAE-YONG,2408
2026-05-25 21:54:49,bounty,Choral Chambers,defeat,JAE-YONG,2418
2026-05-25 21:47:42,bounty,Choral Chambers,victory,JAE-YONG,2410
2026-05-25 21:44:53,bounty,Choral Chambers,victory,JAE-YONG,2402
2026-05-25 21:41:40,bounty,Choral Chambers,victory,JAE-YONG,2394
2026-05-25 21:36:45,bounty,Choral Chambers,victory,JAE-YONG,2386
2026-05-25 21:32:39,bounty,Choral Chambers,defeat,JAE-YONG,2396
2026-05-25 21:29:21,bounty,Choral Chambers,victory,JAE-YONG,2388
2026-05-25 21:25:33,bounty,Choral Chambers,victory,JAE-YONG,2380
2026-05-25 21:23:05,bounty,Choral Chambers,victory,JAE-YONG,2372
2026-05-25 21:19:10,bounty,Choral Chambers,defeat,JAE-YONG,2382
2026-05-25 21:11:07,bounty,Choral Chambers,defeat,JAE-YONG,2392
2026-05-25 21:08:13,bounty,Choral Chambers,victory,JAE-YONG,2384
2026-05-25 21:05:19,bounty,Choral Chambers,victory,JAE-YONG,2376
2026-05-25 21:02:35,bounty,Choral Chambers,victory,JAE-YONG,2368
2026-05-25 20:59:53,bounty,Choral Chambers,victory,JAE-YONG,2360
2026-05-25 20:56:34,bounty,Choral Chambers,victory,JAE-YONG,2352
2026-05-25 20:53:58,bounty,Choral Chambers,victory,JAE-YONG,2344
2026-05-25 20:51:46,bounty,Choral Chambers,victory,JAE-YONG,2336
2026-05-25 20:48:45,bounty,Choral Chambers,defeat,JAE-YONG,2346
2026-05-25 20:45:14,bounty,Choral Chambers,victory,JAE-YONG,2338
2026-05-25 20:42:15,bounty,Choral Chambers,victory,JAE-YONG,2330
2026-05-25 20:39:51,bounty,Choral Chambers,victory,JAE-YONG,2322
2026-05-25 20:37:35,bounty,Choral Chambers,victory,JAE-YONG,2314
2026-05-26 03:27:18,brawlBall,Match 1123581321,victory,STARR NOVA,671
2026-05-26 03:24:44,brawlBall,Match 1123581321,victory,STARR NOVA,658
2026-05-26 03:22:39,brawlBall,Match 1123581321,victory,STARR NOVA,646
2026-05-26 03:20:21,brawlBall,Match 1123581321,victory,STARR NOVA,635
2026-05-26 03:19:15,brawlBall,Match 1123581321,victory,STARR NOVA,625
2026-05-26 03:17:45,brawlBall,Match 1123581321,defeat,STARR NOVA,628
2026-05-26 03:14:16,brawlBall,Match 1123581321,victory,STARR NOVA,611
2026-05-26 03:12:30,brawlBall,Match 1123581321,victory,STARR NOVA,595
2026-05-26 03:10:33,brawlBall,Match 1123581321,victory,STARR NOVA,580
2026-05-26 03:07:31,brawlBall,Match 1123581321,victory,STARR NOVA,566
2026-05-26 03:04:58,brawlBall,Match 1123581321,victory,STARR NOVA,553
2026-05-26 03:02:42,brawlBall,Match 1123581321,victory,STARR NOVA,541
2026-05-26 03:00:58,brawlBall,Match 1123581321,victory,STARR NOVA,530
2026-05-26 02:59:32,brawlBall,Match 1123581321,defeat,STARR NOVA,529
2026-05-26 02:57:24,brawlBall,Match 1123581321,victory,STARR NOVA,519
2026-05-26 02:56:01,brawlBall,Match 1123581321,defeat,STARR NOVA,521
2026-05-26 02:53:19,brawlBall,Match 1123581321,victory,STARR NOVA,503
2026-05-26 02:50:50,brawlBall,Match 1123581321,victory,STARR NOVA,486
2026-05-26 02:49:41,brawlBall,Match 1123581321,victory,STARR NOVA,470
2026-05-26 02:47:25,brawlBall,Match 1123581321,victory,STARR NOVA,455
2026-05-26 02:45:02,brawlBall,Match 1123581321,victory,STARR NOVA,441
2026-05-26 02:42:15,brawlBall,Match 1123581321,victory,STARR NOVA,423
2026-05-26 02:40:23,brawlBall,Match 1123581321,victory,STARR NOVA,411
2026-05-26 02:37:59,brawlBall,Match 1123581321,victory,STARR NOVA,400
2026-05-26 00:53:19,knockout5V5,Crescendo,victory,GENE,2412
2026-05-26 00:40:13,knockout5V5,Crescendo,victory,GENE,2412
2026-05-26 00:30:40,knockout5V5,Crescendo,victory,GENE,2404
2026-05-26 00:20:46,knockout5V5,Crescendo,victory,GENE,2396
2026-05-26 00:08:33,knockout5V5,Crescendo,victory,GENE,2388
2026-05-25 23:59:21,knockout5V5,Crescendo,victory,GENE,2380
2026-05-25 23:49:51,knockout5V5,Crescendo,victory,GENE,2372
2026-05-25 23:40:45,knockout5V5,Crescendo,victory,GENE,2364
2026-05-25 23:30:31,knockout5V5,Crescendo,victory,GENE,2356
2026-05-25 23:21:29,knockout5V5,Crescendo,victory,GENE,2348
2026-05-25 23:12:54,knockout5V5,Crescendo,victory,GENE,2340
2026-05-25 23:04:12,knockout5V5,Crescendo,victory,GENE,2332
2026-05-25 22:58:01,knockout5V5,Crescendo,victory,GENE,2324
2026-05-25 22:49:16,knockout5V5,Crescendo,victory,MR. P,2263
2026-05-25 22:36:53,knockout5V5,Crescendo,victory,MR. P,2255
2026-05-25 22:27:41,knockout5V5,Crescendo,victory,MR. P,2247
2026-05-25 22:18:17,knockout5V5,Crescendo,victory,MR. P,2239
2026-05-25 22:05:44,knockout5V5,Crescendo,victory,OTIS,2998
2026-05-25 21:55:35,knockout5V5,Crescendo,victory,OTIS,2994
2026-05-25 21:44:42,knockout5V5,Crescendo,victory,OTIS,2990
2026-05-25 21:41:12,knockout5V5,Crescendo,victory,OTIS,2986
2026-05-25 21:32:17,knockout5V5,Crescendo,defeat,OTIS,2996
2026-05-25 21:22:56,knockout5V5,Crescendo,victory,OTIS,2992
2026-05-25 21:12:50,knockout5V5,Crescendo,victory,OTIS,2988
2026-05-25 21:05:34,knockout5V5,Crescendo,victory,OTIS,2984
2026-05-26 06:32:49,duoShowdown,Safety Center,?,MINA,2574
2026-05-26 06:26:52,duoShowdown,Safety Center,?,MINA,2567
2026-05-26 06:24:37,duoShowdown,Safety Center,?,COLT,2484
2026-05-26 06:19:50,duoShowdown,Safety Center,?,STARR NOVA,2065
2026-05-26 06:15:01,duoShowdown,Safety Center,?,STARR NOVA,2067
2026-05-26 06:09:28,duoShowdown,Safety Center,?,STARR NOVA,2062
2026-05-26 06:05:16,duoShowdown,Safety Center,?,STARR NOVA,2052
2026-05-26 06:04:03,duoShowdown,Safety Center,?,STARR NOVA,2058
2026-05-26 06:01:23,duoShowdown,Safety Center,?,STARR NOVA,2048
2026-05-26 05:56:48,duoShowdown,Safety Center,?,STARR NOVA,2043
2026-05-26 05:52:20,duoShowdown,Safety Center,?,STARR NOVA,2033
2026-05-26 05:49:05,duoShowdown,Safety Center,?,STARR NOVA,2023
2026-05-26 05:44:26,duoShowdown,Safety Center,?,STARR NOVA,2013
2026-05-26 05:38:31,duoShowdown,Safety Center,?,STARR NOVA,2003
2026-05-26 00:43:52,brawlBall,Match 1123581321,victory,LUMI,2262
2026-05-26 00:40:35,brawlBall,Match 1123581321,defeat,LUMI,2272
2026-05-26 00:36:58,brawlBall,Match 1123581321,victory,LUMI,2264
2026-05-26 00:34:19,brawlBall,Match 1123581321,victory,LUMI,2256
2026-05-26 00:25:11,soloShowdown,Safety Center,?,CORDELIUS,2223
2026-05-26 00:21:32,soloShowdown,Safety Center,?,CORDELIUS,2213
2026-05-26 00:18:28,soloShowdown,Safety Center,?,CORDELIUS,2203
2026-05-26 00:07:47,knockout,,victory,COLT,-1
2026-05-26 00:04:37,knockout,,defeat,PIPER,-1
2026-05-25 23:58:30,brawlBall,Match 1123581321,victory,LUMI,2248
2026-05-25 23:43:50,soloShowdown,Safety Center,?,EDGAR,2358
2026-05-26 08:46:08,brawlBall,Sunny Soccer,victory,CHARLIE,2389
2026-05-26 00:46:01,brawlBall,Match 1123581321,victory,CHARLIE,2381
2026-05-26 00:40:22,brawlBall,Match 1123581321,victory,CHARLIE,2373
2026-05-26 00:31:26,brawlBall,Match 1123581321,victory,CHARLIE,2365
2026-05-26 00:25:35,brawlBall,Match 1123581321,victory,CHARLIE,2357
2026-05-26 00:18:08,brawlBall,Match 1123581321,defeat,CHARLIE,2367
2026-05-26 00:11:59,brawlBall,Match 1123581321,victory,CHARLIE,2359
2026-05-26 00:05:14,brawlBall,Match 1123581321,victory,CHARLIE,2351
2026-05-25 23:59:31,brawlBall,Match 1123581321,defeat,CHARLIE,2361
2026-05-25 23:56:57,brawlBall,Match 1123581321,defeat,CHARLIE,2371
2026-05-25 23:53:47,brawlBall,Match 1123581321,draw,CHARLIE,2371
2026-05-25 23:48:58,brawlBall,Match 1123581321,victory,CHARLIE,2363
2026-05-25 23:38:25,brawlBall,Match 1123581321,victory,CHARLIE,2355
2026-05-25 23:35:17,brawlBall,Match 1123581321,victory,CHARLIE,2347
2026-05-25 23:29:37,brawlBall,Match 1123581321,victory,CHARLIE,2339
2026-05-25 23:24:51,brawlBall,Match 1123581321,victory,CHARLIE,2331
2026-05-25 23:22:03,brawlBall,Match 1123581321,victory,CHARLIE,2323
2026-05-25 23:18:43,brawlBall,Match 1123581321,victory,CHARLIE,2315
2026-05-25 23:16:01,brawlBall,Match 1123581321,victory,CHARLIE,2307
2026-05-25 23:12:09,brawlBall,Match 1123581321,victory,CHARLIE,2299
2026-05-25 23:10:37,brawlBall,Match 1123581321,victory,CHARLIE,2291
2026-05-25 23:08:05,brawlBall,Match 1123581321,victory,CHARLIE,2283
2026-05-25 23:04:14,brawlBall,Match 1123581321,victory,CHARLIE,2275
2026-05-25 23:00:38,brawlBall,Match 1123581321,victory,CHARLIE,2267
2026-05-25 22:58:28,brawlBall,Match 1123581321,victory,CHARLIE,2259
2026-05-26 08:43:04,brawlBall,Sunny Soccer,defeat,MINA,2483
2026-05-26 08:41:54,brawlBall,Sunny Soccer,victory,MINA,2475
2026-05-26 08:40:57,brawlBall,Sunny Soccer,victory,MINA,2467
2026-05-26 08:39:44,brawlBall,Sunny Soccer,victory,MINA,2459
2026-05-26 08:38:37,brawlBall,Sunny Soccer,victory,MINA,2451
2026-05-26 08:36:52,brawlBall,Sunny Soccer,defeat,MINA,2461
2026-05-26 08:34:24,brawlBall,Sunny Soccer,victory,MINA,2453
2026-05-26 08:32:49,brawlBall,Sunny Soccer,victory,MINA,2445
2026-05-26 08:30:01,brawlBall,Sunny Soccer,victory,MINA,2437
2026-05-26 08:27:36,brawlBall,Sunny Soccer,victory,MINA,2429
2026-05-26 08:25:13,brawlBall,Sunny Soccer,victory,MINA,2421
2026-05-26 08:24:15,brawlBall,Sunny Soccer,victory,MINA,2413
2026-05-26 08:21:27,brawlBall,Sunny Soccer,victory,MINA,2405
2026-05-26 08:19:03,brawlBall,Sunny Soccer,victory,MINA,2397
2026-05-26 08:16:38,brawlBall,Sunny Soccer,victory,MINA,2389
2026-05-26 08:13:44,brawlBall,Sunny Soccer,defeat,MINA,2399
2026-05-26 08:10:53,brawlBall,Sunny Soccer,victory,MINA,2391
2026-05-26 08:07:42,brawlBall,Sunny Soccer,victory,BEA,2499
2026-05-26 08:04:33,brawlBall,Sunny Soccer,victory,BEA,2491
2026-05-26 08:02:54,brawlBall,Sunny Soccer,victory,BEA,2483
2026-05-26 08:00:07,brawlBall,Match 1123581321,victory,BEA,2475
2026-05-26 07:57:51,brawlBall,Match 1123581321,victory,BEA,2467
2026-05-26 07:55:54,brawlBall,Match 1123581321,victory,BEA,2459
2026-05-26 07:54:24,brawlBall,Match 1123581321,victory,BEA,2451
2026-05-26 07:51:40,brawlBall,Match 1123581321,victory,BEA,2443
2026-05-25 19:51:27,soloShowdown,Lilypond Grove,?,DRACO,1466
2026-05-25 19:50:42,trioShowdown,Lilypond Grove,?,DRACO,1475
2026-05-25 19:47:50,trioShowdown,Lilypond Grove,?,DRACO,1484
2026-05-25 19:44:39,trioShowdown,Lilypond Grove,?,MEG,1999
2026-05-25 19:41:27,trioShowdown,Lilypond Grove,?,MEG,1991
2026-05-25 19:37:41,trioShowdown,Lilypond Grove,?,MEG,1978
2026-05-25 19:35:25,trioShowdown,Lilypond Grove,?,MEG,1972
2026-05-25 19:33:04,trioShowdown,Lilypond Grove,?,MEG,1961
2026-05-25 19:30:08,trioShowdown,Lilypond Grove,?,MEG,1966
2026-05-25 19:27:23,trioShowdown,Lilypond Grove,?,GROM,1942
2026-05-25 19:23:55,trioShowdown,Lilypond Grove,?,PAM,1839
2026-05-25 19:21:32,trioShowdown,Lilypond Grove,?,PAM,1844
2026-05-25 19:17:46,trioShowdown,Lilypond Grove,?,PAM,1839
2026-05-25 19:15:53,trioShowdown,Lilypond Grove,?,SANDY,1999
2026-05-25 19:12:45,trioShowdown,Lilypond Grove,?,SANDY,1984
2026-05-25 19:10:30,trioShowdown,Lilypond Grove,?,SANDY,1989
2026-05-25 19:07:39,trioShowdown,Lilypond Grove,?,SANDY,1981
2026-05-25 19:03:56,trioShowdown,Lilypond Grove,?,SANDY,1974
2026-05-25 18:59:51,trioShowdown,Lilypond Grove,?,SANDY,1968
2026-05-25 18:56:51,trioShowdown,Lilypond Grove,?,SANDY,1957
2026-05-25 18:55:42,trioShowdown,Lilypond Grove,?,SANDY,1968
2026-05-25 18:52:30,trioShowdown,Lilypond Grove,?,SANDY,1953
2026-05-25 18:48:43,soloShowdown,Double Trouble,?,COLT,-1
2026-05-25 18:42:45,trioShowdown,Lilypond Grove,?,SANDY,1938
2026-05-25 18:39:57,trioShowdown,Lilypond Grove,?,SANDY,1923
2026-05-26 00:16:52,trioShowdown,Safety Center,?,ASH,1702
2026-05-26 00:12:39,trioShowdown,Safety Center,?,ASH,1690
2026-05-26 00:07:59,trioShowdown,Safety Center,?,ASH,1679
2026-05-26 00:05:01,trioShowdown,Safety Center,?,ASH,1689
2026-05-26 00:02:04,trioShowdown,Safety Center,?,ASH,1675
2026-05-25 23:59:17,trioShowdown,Safety Center,?,ASH,1662
2026-05-25 23:55:40,trioShowdown,Safety Center,?,ASH,1650
2026-05-25 23:52:57,trioShowdown,Safety Center,?,ASH,1639
2026-05-25 23:49:41,trioShowdown,Safety Center,?,BUSTER,1961
2026-05-25 23:46:19,trioShowdown,Safety Center,?,BUSTER,1940
2026-05-25 23:42:58,trioShowdown,Safety Center,?,BUSTER,1919
2026-05-25 23:39:57,trioShowdown,Safety Center,?,BUSTER,1898
2026-05-25 23:37:43,trioShowdown,Safety Center,?,BUSTER,1883
2026-05-25 23:33:19,trioShowdown,Safety Center,?,BUSTER,1862
2026-05-25 23:30:04,trioShowdown,Safety Center,?,BUSTER,1841
2026-05-25 23:27:10,trioShowdown,Safety Center,?,BUSTER,1820
2026-05-25 23:24:53,trioShowdown,Safety Center,?,BUSTER,1799
2026-05-25 23:22:28,trioShowdown,Safety Center,?,BUSTER,1778
2026-05-25 23:20:04,trioShowdown,Safety Center,?,BUSTER,1758
2026-05-25 23:17:42,trioShowdown,Safety Center,?,BUSTER,1739
2026-05-25 23:15:01,trioShowdown,Safety Center,?,BUSTER,1721
2026-05-25 23:13:13,trioShowdown,Safety Center,?,BUSTER,1710
2026-05-25 23:10:16,trioShowdown,Safety Center,?,BUSTER,1694
2026-05-25 23:07:51,trioShowdown,Safety Center,?,BUSTER,1679
2026-05-25 23:04:50,trioShowdown,Safety Center,?,BUSTER,1684
2026-05-25 15:52:16,tagTeam,Paralysis Pen,victory,?,
2026-05-25 15:50:40,tagTeam,Paralysis Pen,victory,?,
2026-05-25 15:49:44,tagTeam,Paralysis Pen,victory,?,
2026-05-25 15:48:39,tagTeam,Paralysis Pen,victory,?,
2026-05-25 15:47:03,tagTeam,Paralysis Pen,victory,?,
2026-05-25 15:44:49,tagTeam,Paralysis Pen,victory,?,
2026-05-25 15:43:49,tagTeam,Paralysis Pen,victory,?,
2026-05-25 15:41:46,tagTeam,Paralysis Pen,victory,?,
2026-05-25 15:39:27,tagTeam,Paralysis Pen,victory,?,
2026-05-25 15:38:41,tagTeam,Paralysis Pen,victory,?,
2026-05-25 15:38:10,tagTeam,Paralysis Pen,victory,?,
2026-05-25 15:37:10,tagTeam,Paralysis Pen,defeat,?,
2026-05-25 15:35:29,tagTeam,Paralysis Pen,victory,?,
2026-05-25 15:34:59,tagTeam,Paralysis Pen,victory,?,
2026-05-25 15:33:29,tagTeam,Paralysis Pen,defeat,?,
2026-05-25 15:30:21,tagTeam,Paralysis Pen,victory,?,
2026-05-25 15:29:51,tagTeam,Paralysis Pen,defeat,?,
2026-05-25 15:28:20,tagTeam,Paralysis Pen,victory,?,
2026-05-25 15:26:58,tagTeam,Paralysis Pen,victory,?,
2026-05-25 15:24:18,tagTeam,Paralysis Pen,victory,?,
2026-05-25 15:23:23,tagTeam,Paralysis Pen,victory,?,
2026-05-25 15:22:39,tagTeam,Paralysis Pen,victory,?,
2026-05-25 15:20:23,tagTeam,Paralysis Pen,victory,?,
2026-05-25 15:18:44,tagTeam,Paralysis Pen,defeat,?,
2026-05-25 15:17:17,tagTeam,Paralysis Pen,victory,?,
2026-05-26 08:40:11,knockout,Belle's Rock,defeat,BROCK,14
2026-05-26 08:37:42,knockout,Belle's Rock,defeat,BROCK,14
2026-05-26 08:29:31,gemGrab,Undermine,defeat,CHESTER,14
2026-05-26 08:27:50,gemGrab,Undermine,victory,CHESTER,14
2026-05-26 08:25:16,gemGrab,Undermine,defeat,CHESTER,14
2026-05-26 08:19:46,heist,Kaboom Canyon,defeat,SPIKE,14
2026-05-26 08:17:26,heist,Kaboom Canyon,defeat,SPIKE,14
2026-05-26 08:08:45,hotZone,Dueling Beetles,victory,MINA,13
2026-05-26 08:06:27,hotZone,Dueling Beetles,victory,MINA,13
2026-05-26 08:02:22,knockout,Belle's Rock,defeat,NAJIA,14
2026-05-26 08:00:48,knockout,Belle's Rock,victory,NAJIA,14
2026-05-26 07:58:30,knockout,Belle's Rock,defeat,NAJIA,14
2026-05-26 07:49:50,hotZone,Parallel Plays,victory,KENJI,13
2026-05-26 07:47:38,hotZone,Parallel Plays,victory,KENJI,13
2026-05-26 07:43:00,gemGrab,Double Swoosh,victory,PENNY,13
2026-05-26 07:40:37,gemGrab,Double Swoosh,victory,PENNY,13
2026-05-26 07:36:52,knockout,New Horizons,victory,MINA,13
2026-05-26 07:35:32,knockout,New Horizons,victory,MINA,13
2026-05-26 07:31:20,heist,Safe Zone,victory,CROW,13
2026-05-26 07:29:57,heist,Safe Zone,victory,CROW,13
2026-05-26 05:02:30,brawlBall,Pinball Dreams,victory,KENJI,12
2026-05-26 05:00:37,knockout,New Horizons,victory,MINA,12
2026-05-26 04:57:34,brawlBall,Pinball Dreams,victory,EDGAR,12
2026-05-26 04:55:07,brawlBall,Pinball Dreams,victory,EDGAR,12
2026-05-26 04:50:29,bounty,Layer Cake,victory,MINA,12
2026-05-25 20:54:26,brawlBall,Triple Dribble,victory,BARLEY,16
2026-05-25 20:53:01,brawlBall,Triple Dribble,victory,BARLEY,16
2026-05-25 20:50:38,brawlBall,Triple Dribble,defeat,BARLEY,16
2026-05-25 20:44:00,hotZone,Open Business,defeat,SIRIUS,16
2026-05-25 20:42:11,hotZone,Open Business,victory,SIRIUS,16
2026-05-25 20:40:05,hotZone,Open Business,defeat,SIRIUS,16
2026-05-25 20:34:35,gemGrab,Double Swoosh,defeat,CROW,16
2026-05-25 20:32:06,gemGrab,Double Swoosh,defeat,CROW,16
2026-05-25 20:27:26,hotZone,Open Business,victory,KENJI,16
2026-05-25 20:24:35,hotZone,Open Business,victory,KENJI,16
2026-05-25 20:19:12,gemGrab,Undermine,victory,MORTIS,16
2026-05-25 20:17:11,gemGrab,Undermine,victory,MORTIS,16
2026-05-25 20:12:50,hotZone,Dueling Beetles,defeat,GRAY,16
2026-05-25 20:11:03,hotZone,Dueling Beetles,victory,GRAY,16
2026-05-25 20:08:52,hotZone,Dueling Beetles,defeat,GRAY,16
2026-05-25 20:02:38,bounty,Dry Season,victory,FANG,15
2026-05-25 20:00:34,bounty,Dry Season,victory,FANG,15
2026-05-25 19:55:37,gemGrab,Undermine,victory,RUFFS,15
2026-05-25 19:53:45,gemGrab,Undermine,victory,RUFFS,15
2026-05-25 19:48:58,knockout,Flowing Springs,victory,TICK,15
2026-05-25 19:46:38,knockout,Flowing Springs,defeat,TICK,15
2026-05-25 19:44:52,knockout,Flowing Springs,victory,TICK,15
2026-05-25 19:41:00,heist,Bridge Too Far,victory,BROCK,15
2026-05-25 19:39:12,heist,Bridge Too Far,victory,BROCK,15
2026-05-26 00:24:37,brawlBall,Match 1123581321,defeat,MORTIS,2118
2026-05-26 00:22:19,brawlBall,Match 1123581321,victory,MORTIS,2110
2026-05-26 00:20:01,brawlBall,Match 1123581321,victory,MORTIS,2102
2026-05-26 00:16:48,brawlBall,Match 1123581321,victory,MORTIS,2094
2026-05-26 00:12:52,brawlBall,Match 1123581321,victory,MORTIS,2086
2026-05-26 00:10:20,brawlBall,Match 1123581321,victory,MORTIS,2078
2026-05-26 00:04:49,brawlBall,Match 1123581321,victory,MORTIS,2070
2026-05-26 00:02:07,brawlBall,Match 1123581321,victory,MORTIS,2062
2026-05-25 23:59:32,brawlBall,Match 1123581321,victory,MORTIS,2054
2026-05-25 23:58:17,brawlBall,Match 1123581321,defeat,MINA,2126
2026-05-25 23:55:34,brawlBall,Match 1123581321,victory,MINA,2118
2026-05-25 23:52:58,brawlBall,Match 1123581321,victory,MINA,2110
2026-05-25 23:51:50,brawlBall,Match 1123581321,victory,MINA,2102
2026-05-25 23:49:10,brawlBall,Match 1123581321,victory,MINA,2094
2026-05-25 23:47:35,brawlBall,Match 1123581321,victory,MINA,2086
2026-05-25 23:46:35,brawlBall,Match 1123581321,defeat,MINA,2096
2026-05-25 23:43:43,brawlBall,Match 1123581321,victory,MINA,2088
2026-05-25 23:40:20,brawlBall,Match 1123581321,victory,MINA,2080
2026-05-25 23:38:11,brawlBall,Match 1123581321,victory,MINA,2072
2026-05-25 23:37:09,brawlBall,Match 1123581321,victory,MINA,2064
2026-05-25 23:35:06,brawlBall,Match 1123581321,victory,MINA,2056
2026-05-25 23:32:19,brawlBall,Match 1123581321,victory,MINA,2048
2026-05-25 23:30:14,brawlBall,Match 1123581321,victory,MINA,2040
2026-05-25 23:29:06,brawlBall,Match 1123581321,victory,MINA,2032
2026-05-25 23:27:22,brawlBall,Match 1123581321,victory,MINA,2024
2026-05-26 03:26:34,trioShowdown,Safety Center,?,SANDY,2189
2026-05-26 03:22:25,trioShowdown,Safety Center,?,SANDY,2185
2026-05-26 03:18:10,trioShowdown,Safety Center,?,SANDY,2176
2026-05-26 03:08:40,trioShowdown,Safety Center,?,SANDY,2167
2026-05-26 03:05:26,trioShowdown,Safety Center,?,SANDY,2158
2026-05-26 03:02:43,trioShowdown,Safety Center,?,SANDY,2149
2026-05-26 02:57:51,trioShowdown,Safety Center,?,SANDY,2154
2026-05-26 02:55:16,trioShowdown,Safety Center,?,SANDY,2165
2026-05-26 02:51:48,trioShowdown,Safety Center,?,SANDY,2156
2026-05-26 02:48:14,trioShowdown,Safety Center,?,SANDY,2147
2026-05-26 02:46:02,trioShowdown,Safety Center,?,SANDY,2158
2026-05-26 02:39:14,trioShowdown,Safety Center,?,SANDY,2149
2026-05-26 02:35:30,trioShowdown,Safety Center,?,JANET,2109
2026-05-26 02:20:27,duoShowdown,Safety Center,?,JANET,2115
2026-05-26 02:17:50,duoShowdown,Safety Center,?,JANET,2105
2026-05-26 02:14:15,trioShowdown,Safety Center,?,SANDY,2154
2026-05-26 02:10:14,trioShowdown,Safety Center,?,SANDY,2145
2026-05-26 02:06:51,trioShowdown,Safety Center,?,SANDY,2136
2026-05-26 02:03:24,trioShowdown,Safety Center,?,SANDY,2127
2026-05-26 02:00:58,trioShowdown,Safety Center,?,SANDY,2118
2026-05-26 01:57:09,trioShowdown,Safety Center,?,SANDY,2129
2026-05-26 01:53:27,trioShowdown,Safety Center,?,SANDY,2134
2026-05-26 01:50:25,duoShowdown,Safety Center,?,SANDY,2140
2026-05-26 01:47:34,duoShowdown,Safety Center,?,SANDY,2146
2026-05-26 01:43:01,duoShowdown,Safety Center,?,SANDY,2136
2026-05-25 23:59:18,hotZone,Open Business,defeat,CROW,16
2026-05-25 23:57:29,hotZone,Open Business,defeat,CROW,16
2026-05-25 23:55:12,hotZone,Open Business,victory,CROW,16
2026-05-25 23:50:19,gemGrab,Gem Fort,victory,MEEPLE,16
2026-05-25 23:48:39,gemGrab,Gem Fort,victory,MEEPLE,16
2026-05-25 23:41:47,heist,Bridge Too Far,defeat,CHARLIE,16
2026-05-25 23:39:24,heist,Bridge Too Far,defeat,CHARLIE,16
2026-05-25 23:32:40,brawlBall,Center Stage,victory,CROW,16
2026-05-25 23:29:51,brawlBall,Center Stage,victory,CROW,16
2026-05-25 23:25:00,bounty,Hideout,victory,NANI,16
2026-05-25 23:22:56,bounty,Hideout,victory,NANI,16
2026-05-25 23:15:23,gemGrab,Gem Fort,victory,COLETTE,16
2026-05-25 23:13:23,gemGrab,Gem Fort,defeat,COLETTE,16
2026-05-25 23:11:12,gemGrab,Gem Fort,victory,COLETTE,16
2026-05-25 23:00:42,knockout,Goldarm Gulch,victory,BYRON,16
2026-05-25 22:58:28,knockout,Goldarm Gulch,victory,BYRON,16
2026-05-25 22:51:39,hotZone,Open Business,defeat,PIERCE,16
2026-05-25 22:50:02,hotZone,Open Business,defeat,PIERCE,16
2026-05-25 22:44:46,gemGrab,Hard Rock Mine,defeat,STU,16
2026-05-25 22:42:48,gemGrab,Hard Rock Mine,defeat,STU,16
2026-05-25 22:38:30,brawlBall,Triple Dribble,victory,DAMIAN,16
2026-05-25 22:37:13,brawlBall,Triple Dribble,victory,DAMIAN,16
2026-05-25 22:23:24,hotZone,Ring of Fire,victory,COLETTE,15
2026-05-25 22:21:31,hotZone,Ring of Fire,victory,COLETTE,15
2026-05-26 03:24:47,soloShowdown,Safety Center,?,JANET,2006
2026-05-26 01:59:10,soloShowdown,Safety Center,?,JANET,2000
2026-05-25 06:34:24,tagTeam,Paralysis Pen,victory,?,
2026-05-25 06:32:51,tagTeam,Paralysis Pen,victory,?,
2026-05-25 06:30:02,tagTeam,Paralysis Pen,victory,?,
2026-05-25 06:29:28,tagTeam,Paralysis Pen,defeat,?,
2026-05-25 06:26:15,tagTeam,Paralysis Pen,victory,?,
2026-05-25 06:23:11,tagTeam,Paralysis Pen,victory,?,
2026-05-25 06:20:26,tagTeam,Paralysis Pen,victory,?,
2026-05-25 06:18:38,tagTeam,Paralysis Pen,victory,?,
2026-05-25 06:17:21,tagTeam,Paralysis Pen,victory,?,
2026-05-25 06:15:20,tagTeam,Paralysis Pen,victory,?,
2026-05-25 06:12:59,tagTeam,Paralysis Pen,victory,?,
2026-05-25 06:11:53,tagTeam,Paralysis Pen,defeat,?,
2026-05-25 06:10:28,tagTeam,Paralysis Pen,defeat,?,
2026-05-25 06:08:15,tagTeam,Paralysis Pen,victory,?,
2026-05-25 06:04:08,tagTeam,Paralysis Pen,victory,?,
2026-05-25 06:01:14,tagTeam,Paralysis Pen,victory,?,
2026-05-25 06:00:06,tagTeam,Paralysis Pen,victory,?,
2026-05-25 05:58:40,tagTeam,Paralysis Pen,victory,?,
2026-05-25 05:57:08,tagTeam,Paralysis Pen,defeat,?,
2026-05-25 05:53:33,tagTeam,Paralysis Pen,victory,?,
2026-05-25 05:50:25,tagTeam,Paralysis Pen,victory,?,
2026-05-25 05:48:36,tagTeam,Paralysis Pen,victory,?,
2026-05-25 05:46:55,tagTeam,Paralysis Pen,victory,?,
2026-05-25 18:36:10,trioShowdown,Lilypond Grove,?,STARR NOVA,1568
2026-05-25 18:29:47,trioShowdown,Lilypond Grove,?,STARR NOVA,1573
2026-05-25 18:19:08,trioShowdown,Lilypond Grove,?,STARR NOVA,1578
2026-05-25 15:51:28,soloShowdown,Lilypond Grove,?,MORTIS,3000
2026-05-25 15:44:10,tagTeam,Paralysis Pen,victory,?,
2026-05-25 15:42:03,tagTeam,Paralysis Pen,victory,?,
2026-05-25 15:41:16,tagTeam,Paralysis Pen,defeat,?,
2026-05-25 15:38:57,tagTeam,Paralysis Pen,victory,?,
2026-05-25 15:37:28,tagTeam,Paralysis Pen,victory,?,
2026-05-25 15:36:11,tagTeam,Paralysis Pen,victory,?,
2026-05-25 15:19:06,tagTeam,Paralysis Pen,victory,?,
2026-05-25 15:16:17,tagTeam,Paralysis Pen,victory,?,
2026-05-25 15:15:33,tagTeam,Paralysis Pen,victory,?,
2026-05-25 15:14:11,tagTeam,Paralysis Pen,victory,?,
2026-05-25 15:13:10,tagTeam,Paralysis Pen,victory,?,
2026-05-25 15:11:44,tagTeam,Paralysis Pen,victory,?,
2026-05-25 15:09:46,tagTeam,Paralysis Pen,victory,?,
2026-05-25 15:08:24,tagTeam,Paralysis Pen,victory,?,
2026-05-25 15:05:51,tagTeam,Paralysis Pen,victory,?,
2026-05-25 19:13:59,basketBrawl,Pocket Pass,victory,BEA,2867
2026-05-25 19:07:33,basketBrawl,Pocket Pass,victory,BEA,2863
2026-05-25 19:00:42,basketBrawl,Pocket Pass,victory,BEA,2859
2026-05-25 18:53:40,basketBrawl,Pocket Pass,defeat,BEA,2869
2026-05-25 18:47:46,basketBrawl,Pocket Pass,victory,BEA,2865
2026-05-25 18:38:56,basketBrawl,Pocket Pass,defeat,BEA,2875
2026-05-25 18:31:21,basketBrawl,Pocket Pass,draw,BEA,2875
2026-05-25 18:22:44,basketBrawl,Pocket Pass,victory,BEA,2871
2026-05-25 18:20:44,basketBrawl,Pocket Pass,victory,BEA,2867
2026-05-25 18:14:04,basketBrawl,Pocket Pass,victory,BEA,2863
2026-05-25 17:44:14,basketBrawl,Pocket Pass,victory,BIBI,2196
2026-05-25 17:40:42,basketBrawl,Pocket Pass,defeat,BIBI,2206
2026-05-25 17:35:45,basketBrawl,Pocket Pass,victory,BIBI,2198
2026-05-25 17:30:18,basketBrawl,Pocket Pass,victory,BIBI,2190
2026-05-25 17:25:33,basketBrawl,Pocket Pass,victory,BIBI,2182
2026-05-25 17:22:11,basketBrawl,Pocket Pass,victory,BIBI,2174
2026-05-26 07:02:25,trioShowdown,Safety Center,?,WILLOW,2055
2026-05-26 06:59:43,trioShowdown,Safety Center,?,WILLOW,2046
2026-05-26 06:56:39,trioShowdown,Safety Center,?,WILLOW,2037
2026-05-26 06:49:22,trioShowdown,Safety Center,?,WILLOW,2028
2026-05-26 06:43:14,trioShowdown,Safety Center,?,WILLOW,2019
2026-05-25 21:33:29,trioShowdown,Safety Center,?,ZIGGY,2405
2026-05-25 21:30:02,trioShowdown,Safety Center,?,ZIGGY,2416
2026-05-25 21:27:08,trioShowdown,Safety Center,?,ZIGGY,2415
2026-05-25 21:23:53,trioShowdown,Safety Center,?,ZIGGY,2406
2026-05-25 21:20:29,trioShowdown,Safety Center,?,ZIGGY,2411
2026-05-25 21:16:55,trioShowdown,Safety Center,?,ZIGGY,2416
2026-05-25 21:13:47,trioShowdown,Safety Center,?,ZIGGY,2407
2026-05-25 21:11:09,trioShowdown,Safety Center,?,ZIGGY,2398
2026-05-25 21:08:37,trioShowdown,Safety Center,?,ZIGGY,2389
2026-05-25 21:05:43,trioShowdown,Safety Center,?,ZIGGY,2380
2026-05-25 21:02:29,trioShowdown,Safety Center,?,ZIGGY,2371
2026-05-25 20:59:40,trioShowdown,Safety Center,?,ZIGGY,2362
2026-05-25 20:56:02,trioShowdown,Safety Center,?,ZIGGY,2353
2026-05-25 20:52:56,trioShowdown,Safety Center,?,ZIGGY,2344
2026-05-25 20:49:25,trioShowdown,Safety Center,?,ZIGGY,2335
2026-05-25 20:47:38,trioShowdown,Safety Center,?,ZIGGY,2326
2026-05-25 20:45:11,trioShowdown,Safety Center,?,RUFFS,2134
2026-05-25 19:32:47,knockout5V5,Crescendo,victory,NAJIA,2404
2026-05-25 19:22:45,brawlBall,Sneaky Fields,victory,SHADE,2062
2026-05-25 19:15:13,knockout5V5,Crescendo,victory,NAJIA,2396
2026-05-25 14:13:36,bounty,Dry Season,victory,PIPER,2014
2026-05-25 14:10:23,brawlBall,Super Beach,victory,CROW,2024
2026-05-25 14:00:16,knockout5V5,Crescendo,victory,OTIS,2612
2026-05-22 20:31:24,bounty,Dry Season,victory,STARR NOVA,0
2026-05-22 20:28:50,brawlBall,Super Beach,victory,STARR NOVA,0
2026-05-22 20:27:19,brawlBall,Sneaky Fields,victory,STARR NOVA,0
2026-05-22 20:25:39,bounty,Shooting Star,victory,STARR NOVA,0
2026-05-22 20:23:15,brawlBall,Pinhole Punt,victory,MELODIE,2029
2026-05-22 20:21:03,brawlBall,Sneaky Fields,victory,STARR NOVA,0
2026-05-22 20:19:28,bounty,Layer Cake,victory,STARR NOVA,0
2026-05-22 20:16:52,brawlBall,Pinhole Punt,victory,STARR NOVA,0
2026-05-22 20:15:16,brawlBall,Sneaky Fields,victory,STARR NOVA,0
2026-05-22 20:13:57,gemGrab,Double Swoosh,victory,STARR NOVA,0
2026-05-22 20:11:36,brawlBall,Pinhole Punt,victory,STARR NOVA,0
2026-05-22 20:10:00,bounty,Layer Cake,victory,STARR NOVA,0
2026-05-12 12:41:50,deathmatch5v5,Frosty tracks,defeat,8-BIT,2518
2026-05-08 12:37:29,brawlBall,Pinhole Punt,victory,DAMIAN,-1
2026-05-08 12:33:56,soloShowdown,Skull Creek,?,LEON,-1
2026-05-08 12:22:47,bounty,,victory,COLT,-1
2026-05-08 12:19:42,bounty,,victory,CROW,-1
2026-05-08 02:39:55,bounty,Watermelons,victory,DAMIAN,2709
2026-05-08 02:35:48,bounty,Watermelons,victory,DAMIAN,2703
2026-05-08 02:30:52,bounty,Watermelons,victory,DAMIAN,2697
2026-05-08 02:27:00,bounty,Watermelons,victory,DAMIAN,2691
2026-05-25 13:31:10,soloShowdown,,?,CORDELIUS,-1
2026-05-25 13:24:45,brawlBall,,victory,MORTIS,-1
2026-05-25 13:23:32,brawlBall,,victory,MORTIS,-1
2026-05-25 13:21:58,brawlBall,,victory,MORTIS,-1
2026-05-25 13:18:58,brawlBall,,defeat,MORTIS,-1
2026-05-25 13:14:54,brawlBall,,victory,MORTIS,-1
2026-05-25 13:11:03,brawlBall,,victory,STU,-1
2026-05-25 13:07:11,brawlBall,,defeat,STU,-1
2026-05-25 13:05:20,brawlBall,,defeat,STU,-1
2026-05-25 13:01:18,soloShowdown,,?,COLT,-1
2026-05-25 12:53:10,soloShowdown,,?,COLT,-1
2026-05-25 12:48:44,soloShowdown,,?,COLT,-1
2026-05-25 12:44:32,soloShowdown,,?,BULL,-1
2026-05-25 12:39:44,soloShowdown,,?,TARA,-1
2026-05-25 12:36:13,soloShowdown,,?,BIBI,-1
2026-05-25 12:32:15,soloShowdown,,?,COLT,-1
2026-05-25 12:26:30,brawlBall,Match 1123581321,victory,STARR NOVA,2336
2026-05-25 12:23:05,brawlBall,Match 1123581321,victory,STARR NOVA,2328
2026-05-25 12:20:40,brawlBall,Match 1123581321,victory,STARR NOVA,2320
2026-05-25 12:18:40,brawlBall,Match 1123581321,victory,STARR NOVA,2312
2026-05-25 12:14:28,brawlBall,Match 1123581321,defeat,STARR NOVA,2322
2026-05-25 12:07:50,brawlBall,Match 1123581321,defeat,STARR NOVA,2332
2026-05-25 12:03:29,brawlBall,Match 1123581321,victory,STARR NOVA,2324
2026-05-25 11:58:10,brawlBall,Match 1123581321,defeat,STARR NOVA,2334
2026-05-25 11:54:14,brawlBall,Match 1123581321,victory,STARR NOVA,2326
